x, y, xFulc, yFulc 
332, 288, 281, 729
331, 288, 281, 729
331, 288, 281, 729
331, 289, 281, 729
333, 288, 281, 729
333, 288, 281, 729
331, 290, 281, 729
332, 288, 281, 729
331, 290, 281, 729
331, 290, 281, 729
331, 290, 281, 729
331, 290, 281, 729
331, 290, 281, 729
332, 290, 280, 729
332, 290, 281, 729
332, 290, 281, 729
330, 290, 280, 729
332, 290, 281, 729
330, 290, 280, 729
330, 291, 281, 729
330, 291, 281, 729
331, 290, 281, 729
329, 290, 281, 729
330, 291, 281, 729
330, 291, 281, 729
329, 291, 281, 728
330, 291, 281, 729
330, 291, 281, 729
330, 291, 281, 729
330, 291, 281, 729
330, 291, 281, 729
330, 291, 281, 729
330, 291, 281, 729
330, 291, 281, 729
330, 291, 281, 729
329, 291, 281, 729
330, 291, 281, 729
329, 291, 281, 729
329, 291, 281, 729
329, 291, 280, 729
329, 291, 280, 729
329, 291, 280, 729
329, 291, 280, 729
329, 291, 280, 729
329, 291, 280, 729
329, 291, 280, 729
329, 291, 280, 729
328, 291, 280, 729
328, 291, 280, 729
328, 291, 280, 729
328, 291, 280, 729
328, 291, 280, 729
328, 291, 280, 728
328, 291, 280, 728
328, 291, 280, 728
327, 291, 280, 728
327, 291, 280, 728
327, 291, 280, 728
327, 291, 280, 728
327, 291, 280, 728
327, 291, 280, 728
327, 291, 280, 728
326, 291, 280, 728
326, 291, 280, 728
326, 291, 280, 728
326, 291, 279, 728
326, 291, 280, 728
326, 291, 280, 728
326, 291, 280, 728
326, 291, 280, 727
326, 291, 280, 728
325, 291, 280, 728
325, 291, 280, 728
325, 291, 280, 727
325, 291, 280, 728
325, 291, 280, 728
325, 291, 280, 728
325, 291, 280, 728
324, 291, 280, 728
324, 291, 280, 728
324, 291, 280, 728
324, 291, 280, 728
324, 291, 280, 728
324, 291, 280, 728
324, 292, 280, 728
324, 291, 280, 728
323, 291, 280, 728
323, 291, 280, 727
323, 291, 280, 727
323, 291, 280, 728
323, 292, 280, 728
323, 292, 280, 728
322, 291, 280, 728
322, 291, 280, 728
322, 291, 280, 727
324, 292, 280, 728
321, 291, 280, 728
322, 292, 280, 728
321, 291, 280, 727
321, 291, 280, 728
321, 291, 280, 728
321, 291, 280, 728
321, 292, 280, 728
321, 292, 280, 728
321, 291, 280, 728
320, 291, 280, 728
320, 292, 280, 728
320, 292, 280, 728
320, 292, 280, 728
320, 292, 280, 727
320, 292, 280, 728
320, 292, 280, 727
319, 291, 280, 728
318, 291, 280, 728
319, 292, 280, 727
319, 292, 280, 728
319, 292, 280, 728
319, 292, 280, 728
319, 292, 280, 728
319, 292, 280, 728
318, 292, 280, 728
318, 292, 280, 727
318, 292, 280, 727
318, 292, 280, 727
318, 292, 280, 727
318, 292, 280, 727
317, 292, 280, 727
318, 292, 280, 727
317, 292, 280, 727
319, 292, 280, 727
317, 292, 280, 727
317, 292, 280, 727
317, 292, 280, 727
317, 292, 280, 727
316, 292, 280, 727
316, 292, 280, 727
315, 292, 280, 727
315, 292, 280, 727
315, 292, 280, 727
315, 292, 280, 727
315, 292, 280, 727
315, 292, 280, 727
314, 292, 280, 727
313, 292, 280, 727
314, 292, 280, 727
314, 292, 280, 727
314, 292, 280, 728
313, 292, 280, 727
313, 292, 280, 727
313, 292, 280, 727
313, 292, 280, 727
313, 292, 280, 727
313, 292, 280, 727
312, 292, 280, 727
312, 292, 280, 727
311, 291, 280, 728
312, 292, 280, 727
312, 292, 280, 727
312, 292, 280, 727
312, 292, 280, 727
311, 292, 280, 727
311, 292, 280, 727
311, 292, 280, 727
311, 292, 280, 727
311, 292, 280, 727
311, 292, 280, 727
310, 292, 280, 727
310, 292, 280, 727
309, 292, 280, 727
310, 292, 280, 727
310, 292, 280, 727
309, 292, 280, 727
309, 292, 280, 727
309, 293, 280, 727
308, 292, 280, 727
309, 292, 280, 727
309, 292, 280, 727
308, 292, 280, 727
308, 292, 280, 726
308, 292, 280, 726
308, 292, 280, 726
307, 292, 280, 726
307, 292, 279, 726
307, 292, 280, 724
307, 292, 280, 724
307, 292, 280, 724
307, 292, 280, 724
306, 292, 280, 724
307, 293, 280, 724
306, 292, 280, 724
306, 292, 280, 724
306, 292, 280, 724
306, 292, 280, 724
305, 292, 280, 724
305, 292, 280, 724
305, 292, 280, 724
304, 292, 280, 724
305, 292, 280, 724
304, 292, 280, 724
305, 292, 280, 724
304, 292, 280, 724
304, 292, 280, 724
304, 292, 280, 723
304, 292, 280, 724
303, 292, 280, 723
303, 292, 280, 724
303, 292, 280, 723
303, 292, 280, 724
303, 292, 280, 723
302, 292, 280, 723
302, 292, 280, 723
302, 292, 280, 723
302, 292, 280, 723
301, 292, 280, 723
301, 292, 280, 723
301, 292, 280, 723
300, 292, 280, 723
301, 292, 280, 723
301, 292, 280, 723
300, 292, 280, 723
300, 292, 280, 723
300, 292, 280, 723
300, 292, 280, 723
299, 292, 280, 723
299, 292, 280, 723
299, 292, 280, 723
299, 292, 280, 723
298, 292, 280, 723
298, 292, 280, 723
298, 292, 280, 723
298, 292, 280, 723
298, 292, 280, 723
298, 292, 280, 723
298, 292, 280, 723
297, 292, 280, 723
297, 292, 280, 723
297, 292, 280, 723
297, 292, 280, 723
297, 292, 280, 723
296, 292, 280, 723
296, 292, 280, 723
296, 292, 280, 723
296, 292, 280, 723
296, 292, 280, 723
295, 292, 280, 723
295, 292, 280, 723
295, 292, 280, 723
295, 292, 280, 723
294, 292, 280, 723
294, 292, 280, 723
294, 292, 280, 723
294, 292, 280, 723
294, 292, 280, 723
293, 292, 280, 723
293, 292, 280, 723
293, 292, 280, 723
292, 292, 280, 723
292, 292, 280, 723
292, 292, 280, 723
292, 292, 280, 723
292, 292, 280, 723
291, 292, 280, 723
291, 292, 280, 723
291, 292, 280, 723
290, 292, 280, 723
290, 292, 280, 723
290, 292, 280, 723
290, 292, 280, 723
290, 292, 280, 723
289, 292, 280, 723
289, 292, 280, 723
289, 292, 280, 723
289, 292, 280, 723
289, 292, 280, 723
289, 292, 280, 723
288, 292, 280, 723
289, 292, 280, 723
288, 292, 280, 723
288, 292, 280, 723
288, 292, 280, 723
288, 292, 280, 723
288, 292, 280, 723
287, 292, 280, 723
287, 292, 280, 723
287, 292, 280, 723
287, 292, 280, 723
287, 292, 280, 723
287, 293, 280, 723
287, 293, 280, 723
286, 293, 280, 723
286, 293, 280, 723
286, 293, 280, 723
285, 293, 279, 723
285, 293, 280, 723
285, 293, 280, 723
285, 293, 280, 723
284, 293, 280, 723
284, 293, 280, 723
284, 293, 280, 723
284, 293, 280, 723
284, 293, 280, 723
283, 293, 280, 723
283, 293, 280, 723
283, 293, 280, 723
283, 293, 280, 723
282, 293, 280, 723
282, 293, 280, 723
282, 293, 280, 723
282, 293, 280, 723
282, 293, 280, 723
282, 293, 280, 723
282, 293, 280, 723
281, 293, 280, 723
281, 293, 280, 723
281, 293, 280, 723
281, 293, 280, 723
281, 293, 280, 723
281, 293, 280, 723
280, 293, 280, 723
280, 293, 280, 723
280, 293, 280, 723
280, 293, 280, 723
280, 293, 280, 723
280, 293, 280, 723
280, 293, 280, 723
279, 293, 280, 723
279, 293, 280, 723
279, 293, 280, 723
278, 293, 280, 723
278, 293, 280, 723
278, 293, 280, 723
278, 293, 280, 723
278, 293, 280, 723
278, 293, 280, 723
277, 293, 280, 723
277, 293, 280, 723
277, 293, 280, 723
277, 293, 280, 723
277, 293, 280, 723
276, 293, 280, 723
276, 293, 280, 723
276, 293, 280, 723
276, 293, 280, 723
276, 293, 280, 723
276, 293, 280, 723
275, 293, 280, 723
275, 293, 280, 723
275, 293, 280, 723
275, 293, 280, 723
275, 293, 280, 723
274, 293, 280, 723
274, 293, 280, 723
274, 293, 280, 723
274, 293, 280, 723
274, 293, 280, 723
273, 293, 280, 723
273, 293, 280, 723
273, 293, 280, 723
273, 293, 280, 723
273, 293, 279, 723
273, 293, 280, 723
273, 293, 280, 723
272, 293, 280, 723
272, 293, 280, 723
272, 293, 280, 723
272, 293, 280, 723
272, 293, 280, 723
271, 293, 280, 723
271, 293, 280, 723
271, 293, 280, 723
271, 293, 280, 723
271, 293, 280, 723
270, 293, 280, 723
270, 293, 280, 723
270, 293, 280, 723
270, 293, 280, 723
270, 293, 280, 723
269, 293, 280, 723
269, 293, 280, 723
269, 293, 280, 723
269, 293, 280, 723
269, 293, 280, 723
268, 293, 280, 723
268, 293, 280, 723
268, 293, 280, 723
268, 293, 280, 723
268, 293, 280, 723
268, 293, 280, 723
267, 293, 280, 723
267, 293, 280, 723
267, 293, 280, 723
267, 293, 280, 723
267, 293, 280, 723
266, 293, 280, 723
266, 293, 280, 723
266, 293, 280, 723
266, 293, 280, 723
266, 293, 280, 723
265, 293, 280, 723
265, 293, 280, 723
265, 293, 280, 723
264, 294, 280, 723
264, 294, 280, 723
264, 294, 280, 724
264, 294, 280, 724
264, 294, 280, 724
263, 294, 280, 724
263, 294, 280, 724
263, 294, 280, 724
263, 294, 280, 724
263, 294, 280, 724
263, 294, 280, 724
262, 294, 280, 724
262, 294, 280, 724
262, 294, 280, 724
262, 294, 280, 724
262, 294, 280, 724
262, 294, 280, 724
262, 294, 280, 724
262, 294, 280, 724
261, 294, 280, 724
261, 294, 280, 724
261, 294, 280, 724
261, 294, 280, 724
261, 294, 281, 724
260, 294, 281, 724
260, 294, 281, 724
260, 294, 281, 724
260, 294, 281, 724
260, 294, 281, 724
259, 294, 281, 724
259, 294, 281, 724
259, 294, 281, 724
259, 294, 281, 724
258, 294, 281, 724
258, 294, 281, 724
258, 294, 281, 724
258, 294, 281, 724
258, 294, 281, 724
257, 294, 281, 724
257, 295, 281, 724
257, 295, 281, 724
257, 295, 281, 724
257, 295, 281, 724
256, 295, 281, 724
256, 295, 281, 724
256, 295, 281, 724
256, 295, 281, 724
256, 295, 281, 724
255, 295, 281, 724
255, 295, 281, 724
255, 295, 281, 724
255, 295, 281, 724
254, 295, 281, 724
254, 295, 281, 724
254, 295, 281, 724
254, 295, 281, 724
254, 295, 281, 724
253, 295, 281, 724
253, 295, 281, 724
253, 295, 281, 724
253, 295, 281, 724
253, 295, 281, 724
252, 295, 281, 724
252, 295, 281, 724
252, 295, 281, 724
252, 295, 281, 724
251, 295, 281, 724
251, 295, 281, 724
251, 295, 281, 724
251, 295, 281, 724
251, 295, 281, 724
250, 295, 281, 724
250, 295, 281, 724
250, 295, 281, 724
250, 295, 281, 724
250, 295, 281, 724
250, 295, 281, 724
249, 295, 281, 724
249, 296, 281, 724
249, 296, 281, 724
249, 296, 281, 724
249, 296, 281, 724
248, 296, 281, 724
248, 296, 281, 724
248, 296, 281, 724
248, 296, 281, 724
247, 296, 281, 724
247, 296, 281, 724
247, 296, 281, 724
246, 296, 281, 724
246, 296, 281, 724
246, 296, 281, 724
246, 296, 281, 724
246, 296, 281, 724
245, 296, 281, 724
245, 296, 281, 724
245, 296, 281, 724
245, 297, 281, 724
245, 297, 281, 724
245, 297, 281, 724
244, 297, 281, 724
244, 297, 281, 724
244, 297, 281, 724
244, 297, 281, 724
244, 297, 281, 724
244, 297, 281, 724
244, 297, 281, 724
244, 297, 281, 724
244, 297, 281, 724
243, 297, 281, 724
243, 297, 281, 724
243, 297, 281, 724
243, 297, 281, 724
243, 297, 281, 724
243, 297, 281, 724
243, 297, 281, 724
243, 297, 281, 724
243, 297, 281, 724
243, 297, 281, 724
243, 297, 281, 724
243, 297, 281, 724
242, 298, 281, 724
242, 298, 281, 724
242, 298, 281, 724
242, 298, 281, 724
241, 298, 281, 724
241, 298, 281, 724
241, 298, 281, 724
241, 298, 281, 724
240, 298, 281, 724
240, 298, 281, 724
239, 298, 281, 724
239, 298, 281, 724
239, 298, 281, 724
239, 298, 281, 724
239, 298, 281, 724
238, 298, 281, 724
238, 298, 281, 724
239, 297, 281, 724
238, 298, 281, 724
238, 298, 281, 724
238, 298, 281, 724
238, 298, 281, 724
238, 298, 281, 724
238, 298, 281, 724
239, 298, 281, 724
239, 298, 281, 724
238, 298, 281, 724
239, 298, 281, 724
239, 298, 281, 724
239, 298, 281, 724
239, 298, 281, 724
239, 298, 281, 724
239, 298, 281, 724
239, 298, 281, 724
240, 298, 281, 724
239, 298, 281, 724
239, 298, 281, 724
239, 298, 281, 724
239, 298, 281, 724
240, 298, 281, 724
239, 298, 281, 724
239, 298, 281, 724
238, 299, 281, 724
238, 299, 281, 724
238, 299, 281, 724
238, 299, 281, 724
237, 299, 281, 724
237, 299, 281, 724
237, 299, 281, 724
237, 299, 281, 724
236, 299, 281, 724
235, 299, 281, 724
236, 299, 281, 724
236, 299, 281, 724
235, 299, 281, 724
235, 299, 281, 724
235, 299, 281, 724
235, 299, 281, 724
234, 299, 281, 724
235, 299, 281, 724
235, 299, 281, 724
234, 299, 281, 724
234, 299, 281, 724
234, 299, 281, 724
233, 299, 281, 724
233, 300, 281, 724
233, 300, 281, 724
233, 300, 281, 724
233, 300, 281, 724
232, 300, 281, 724
232, 300, 281, 724
232, 300, 281, 724
231, 300, 281, 724
231, 300, 281, 724
231, 300, 281, 724
230, 300, 281, 724
231, 300, 281, 724
231, 300, 281, 724
230, 301, 281, 724
230, 301, 281, 724
230, 301, 281, 724
230, 301, 281, 724
229, 301, 281, 724
229, 301, 281, 724
229, 301, 281, 724
229, 301, 281, 724
229, 301, 281, 724
228, 301, 281, 724
228, 301, 281, 724
228, 301, 281, 724
227, 301, 281, 724
228, 301, 281, 724
228, 301, 281, 724
227, 301, 281, 724
227, 301, 281, 724
227, 301, 281, 724
227, 301, 281, 724
227, 301, 281, 724
227, 301, 281, 724
226, 302, 281, 724
226, 302, 281, 724
226, 302, 281, 724
226, 302, 281, 724
226, 302, 281, 724
225, 302, 281, 724
226, 301, 281, 724
225, 302, 281, 724
224, 302, 281, 724
223, 302, 281, 724
224, 302, 281, 724
224, 302, 281, 724
224, 302, 281, 724
222, 303, 281, 724
224, 302, 281, 724
222, 303, 281, 724
223, 303, 281, 724
223, 303, 281, 724
223, 302, 281, 724
222, 303, 281, 724
223, 302, 281, 724
222, 303, 281, 724
221, 303, 281, 724
222, 303, 281, 724
221, 303, 281, 724
221, 303, 281, 724
221, 303, 281, 724
221, 303, 281, 724
221, 302, 281, 724
220, 303, 281, 724
219, 303, 281, 724
219, 304, 281, 724
218, 304, 281, 724
219, 304, 281, 724
219, 304, 281, 724
218, 304, 281, 724
219, 303, 281, 724
218, 304, 281, 724
218, 304, 281, 724
218, 304, 281, 724
217, 304, 281, 724
217, 305, 281, 724
217, 304, 281, 724
217, 304, 281, 724
217, 304, 281, 724
217, 304, 281, 724
216, 305, 281, 724
216, 304, 281, 724
216, 304, 281, 724
215, 305, 281, 724
215, 305, 281, 724
215, 305, 281, 724
215, 305, 281, 724
215, 304, 281, 724
214, 304, 281, 724
214, 304, 281, 724
214, 305, 281, 724
214, 305, 281, 724
214, 305, 281, 724
213, 306, 281, 724
213, 306, 281, 724
213, 306, 281, 724
213, 305, 281, 724
212, 306, 281, 724
212, 306, 281, 724
212, 306, 281, 724
212, 306, 281, 724
211, 306, 281, 724
211, 307, 281, 724
211, 306, 281, 724
210, 306, 281, 724
211, 306, 281, 724
210, 307, 281, 724
210, 307, 281, 724
210, 307, 281, 724
210, 307, 281, 724
210, 307, 281, 724
209, 306, 281, 724
209, 307, 281, 724
209, 307, 281, 724
209, 307, 281, 724
209, 307, 281, 724
208, 307, 281, 724
208, 307, 281, 724
208, 307, 281, 724
208, 307, 281, 724
207, 306, 281, 724
207, 308, 281, 724
207, 308, 281, 724
207, 308, 281, 724
207, 308, 281, 724
206, 308, 281, 724
206, 308, 281, 724
206, 308, 281, 724
206, 308, 281, 724
206, 308, 281, 724
205, 308, 281, 724
205, 308, 281, 724
204, 308, 281, 724
205, 308, 281, 724
204, 308, 281, 724
204, 309, 280, 724
203, 308, 281, 724
204, 308, 281, 724
203, 309, 281, 724
202, 308, 280, 724
202, 309, 280, 724
203, 309, 281, 724
203, 309, 281, 724
202, 309, 281, 724
201, 309, 281, 724
201, 309, 281, 724
201, 309, 280, 724
200, 308, 281, 724
201, 309, 281, 724
201, 309, 281, 724
201, 309, 281, 724
200, 309, 281, 724
200, 309, 281, 724
200, 309, 281, 724
200, 309, 281, 724
200, 309, 281, 724
200, 309, 281, 724
199, 309, 281, 724
198, 309, 281, 724
198, 308, 281, 724
199, 309, 281, 724
199, 309, 281, 724
198, 309, 281, 724
197, 309, 281, 724
197, 309, 281, 724
198, 309, 281, 724
197, 309, 281, 724
198, 309, 281, 724
197, 310, 281, 724
196, 309, 281, 724
196, 309, 281, 724
196, 309, 281, 724
195, 309, 281, 724
195, 309, 281, 724
195, 309, 281, 724
195, 309, 281, 724
195, 309, 281, 724
194, 309, 281, 724
194, 309, 281, 724
193, 310, 281, 724
193, 310, 281, 724
194, 310, 281, 724
194, 310, 281, 724
192, 310, 281, 724
193, 310, 280, 724
193, 310, 281, 724
193, 311, 281, 724
192, 310, 281, 724
191, 310, 281, 724
191, 311, 281, 724
192, 311, 281, 724
190, 311, 281, 724
191, 311, 281, 724
190, 311, 281, 724
190, 311, 281, 724
190, 311, 281, 724
190, 311, 281, 724
189, 311, 281, 724
189, 311, 281, 724
188, 311, 281, 724
189, 311, 281, 724
189, 312, 281, 724
189, 312, 281, 724
187, 311, 281, 724
187, 312, 281, 724
188, 312, 281, 724
188, 312, 281, 724
187, 312, 281, 724
186, 312, 281, 724
187, 312, 281, 724
186, 312, 281, 724
185, 312, 281, 724
185, 312, 281, 724
185, 312, 281, 724
184, 313, 281, 724
184, 313, 281, 724
185, 313, 281, 724
184, 313, 281, 724
184, 313, 281, 724
183, 313, 281, 724
184, 313, 281, 724
184, 313, 281, 724
184, 313, 281, 724
182, 313, 281, 724
182, 313, 281, 724
183, 313, 281, 724
182, 313, 281, 724
181, 313, 281, 724
181, 313, 281, 724
181, 313, 281, 724
180, 314, 281, 724
181, 314, 281, 724
181, 314, 281, 724
180, 314, 281, 724
180, 314, 281, 724
179, 314, 281, 724
180, 314, 281, 724
179, 314, 281, 724
179, 314, 281, 724
179, 315, 281, 724
178, 315, 281, 724
178, 315, 281, 724
179, 315, 281, 724
178, 315, 281, 724
178, 315, 281, 724
178, 315, 281, 724
177, 315, 281, 724
178, 315, 281, 724
177, 315, 281, 724
177, 315, 281, 724
177, 315, 281, 724
177, 315, 281, 724
177, 316, 281, 724
176, 316, 281, 724
176, 316, 281, 724
176, 316, 281, 724
175, 316, 281, 724
175, 316, 281, 724
175, 316, 281, 724
175, 316, 281, 724
174, 316, 281, 724
174, 316, 281, 724
174, 317, 280, 724
173, 317, 281, 724
173, 317, 281, 724
173, 317, 281, 724
173, 317, 281, 724
173, 317, 281, 724
173, 317, 281, 724
172, 317, 281, 724
172, 317, 281, 724
172, 317, 281, 724
172, 317, 281, 724
171, 318, 281, 724
172, 317, 281, 724
171, 318, 281, 724
171, 318, 281, 724
170, 318, 281, 724
170, 318, 281, 724
170, 318, 281, 724
170, 318, 281, 724
169, 318, 281, 724
169, 318, 281, 724
169, 318, 281, 724
169, 318, 281, 724
168, 319, 281, 724
169, 318, 281, 724
168, 319, 281, 724
168, 319, 281, 724
168, 319, 281, 724
168, 319, 281, 724
167, 319, 281, 724
168, 319, 281, 724
167, 319, 281, 724
166, 319, 281, 724
166, 319, 281, 724
166, 319, 281, 724
166, 320, 281, 724
166, 320, 281, 724
166, 320, 281, 724
165, 320, 281, 724
166, 320, 281, 724
165, 320, 281, 724
165, 320, 281, 724
165, 320, 281, 724
165, 320, 281, 724
164, 320, 281, 724
164, 320, 281, 724
164, 320, 281, 724
163, 320, 281, 724
164, 321, 281, 724
163, 321, 281, 724
163, 321, 281, 724
163, 321, 281, 724
163, 321, 281, 724
162, 321, 281, 724
163, 321, 281, 724
163, 321, 281, 724
162, 321, 281, 724
162, 321, 281, 724
162, 322, 281, 724
162, 322, 281, 724
163, 322, 281, 724
161, 322, 281, 724
161, 322, 281, 724
161, 322, 281, 724
161, 322, 281, 724
161, 322, 281, 724
159, 322, 281, 724
161, 323, 280, 724
160, 323, 281, 724
160, 323, 281, 724
159, 323, 280, 724
160, 323, 280, 724
159, 323, 281, 724
157, 323, 281, 724
158, 323, 281, 724
158, 324, 281, 724
159, 324, 281, 724
158, 324, 281, 724
158, 324, 281, 724
157, 324, 281, 724
158, 324, 281, 724
157, 324, 281, 724
157, 324, 281, 724
157, 324, 281, 724
157, 324, 281, 724
157, 324, 280, 724
157, 324, 281, 724
157, 324, 281, 724
156, 324, 281, 724
156, 325, 281, 724
156, 325, 281, 724
156, 325, 281, 724
156, 325, 281, 724
156, 325, 281, 724
155, 325, 281, 724
155, 325, 281, 724
155, 325, 281, 724
155, 325, 281, 724
154, 325, 281, 724
154, 326, 281, 724
153, 326, 281, 724
153, 326, 281, 724
153, 326, 281, 724
153, 326, 281, 724
153, 326, 281, 724
153, 326, 281, 724
152, 326, 281, 724
152, 327, 281, 724
152, 327, 281, 724
152, 327, 281, 724
151, 327, 281, 724
151, 327, 281, 724
151, 327, 281, 724
151, 327, 281, 724
150, 327, 281, 724
150, 327, 281, 724
150, 327, 281, 724
150, 328, 281, 724
150, 327, 281, 724
149, 328, 281, 724
149, 328, 281, 724
149, 328, 281, 724
149, 328, 281, 724
149, 328, 281, 724
149, 328, 281, 724
148, 329, 281, 724
148, 329, 281, 724
148, 329, 281, 724
148, 329, 281, 724
148, 329, 281, 724
147, 329, 281, 724
147, 329, 281, 724
147, 329, 281, 724
147, 329, 281, 724
147, 329, 281, 724
147, 329, 281, 724
147, 329, 281, 724
147, 329, 281, 724
146, 329, 281, 724
146, 330, 281, 724
146, 330, 281, 724
146, 330, 281, 724
145, 330, 281, 724
145, 330, 281, 724
145, 330, 281, 724
145, 330, 281, 724
145, 330, 281, 724
144, 331, 281, 724
144, 331, 281, 724
144, 331, 281, 724
144, 331, 281, 724
143, 331, 281, 724
143, 331, 281, 724
143, 331, 281, 724
143, 331, 281, 724
142, 331, 281, 724
142, 331, 281, 724
141, 332, 281, 724
141, 332, 281, 724
141, 332, 281, 724
141, 332, 281, 724
141, 332, 281, 724
141, 332, 281, 724
140, 332, 281, 724
140, 332, 281, 724
140, 332, 281, 724
140, 332, 281, 724
139, 333, 281, 724
139, 333, 281, 724
139, 333, 281, 724
139, 333, 281, 724
139, 333, 281, 724
138, 333, 281, 724
138, 333, 281, 724
138, 334, 281, 724
138, 334, 281, 724
138, 334, 281, 724
138, 334, 281, 724
138, 334, 281, 724
137, 334, 281, 724
138, 334, 281, 724
137, 334, 281, 724
137, 334, 281, 724
137, 334, 281, 724
136, 334, 281, 724
136, 334, 281, 724
136, 335, 281, 724
136, 335, 281, 724
136, 335, 281, 724
135, 335, 281, 724
135, 335, 281, 724
135, 335, 281, 724
135, 335, 281, 724
135, 335, 281, 724
134, 336, 281, 724
134, 336, 281, 724
134, 336, 281, 724
134, 336, 281, 724
133, 336, 281, 724
133, 336, 281, 724
133, 336, 281, 724
133, 336, 281, 724
132, 337, 281, 724
132, 337, 281, 724
132, 337, 281, 724
132, 337, 281, 724
131, 337, 281, 724
131, 337, 281, 724
131, 338, 281, 724
130, 338, 281, 724
130, 338, 281, 724
130, 338, 281, 724
130, 338, 281, 724
130, 338, 281, 724
129, 338, 281, 724
129, 338, 281, 724
129, 338, 281, 724
129, 338, 281, 724
129, 338, 281, 724
129, 338, 281, 724
128, 338, 281, 724
128, 338, 281, 724
128, 338, 281, 724
128, 339, 281, 724
128, 339, 280, 724
128, 339, 281, 724
127, 339, 281, 724
127, 339, 281, 724
127, 339, 281, 724
127, 340, 281, 724
126, 340, 281, 724
126, 340, 281, 724
126, 340, 281, 724
125, 340, 281, 724
125, 340, 281, 724
125, 340, 281, 724
125, 340, 281, 724
125, 340, 281, 724
125, 341, 281, 724
124, 341, 281, 724
124, 341, 281, 724
124, 341, 281, 724
123, 341, 281, 724
123, 341, 281, 724
123, 342, 281, 724
123, 342, 281, 724
122, 342, 281, 724
122, 342, 281, 724
122, 342, 281, 724
122, 342, 281, 724
122, 342, 281, 724
122, 342, 281, 724
122, 342, 281, 724
122, 342, 281, 724
122, 342, 281, 724
121, 343, 281, 724
121, 343, 281, 724
121, 343, 281, 724
121, 343, 281, 724
121, 343, 281, 724
120, 343, 281, 724
121, 343, 281, 724
121, 343, 280, 724
120, 343, 281, 724
120, 343, 281, 724
120, 343, 281, 724
120, 343, 280, 724
120, 343, 281, 724
120, 343, 281, 724
119, 344, 281, 724
119, 344, 281, 724
119, 344, 281, 724
118, 344, 281, 724
118, 344, 281, 724
118, 344, 281, 724
117, 345, 280, 724
117, 345, 281, 724
117, 345, 281, 724
117, 345, 281, 724
116, 345, 281, 724
116, 345, 281, 724
116, 345, 281, 724
116, 345, 281, 724
116, 346, 281, 724
116, 346, 281, 724
115, 346, 281, 724
115, 346, 281, 724
115, 346, 281, 724
115, 346, 281, 724
114, 346, 281, 724
115, 346, 281, 724
114, 346, 281, 724
114, 346, 281, 724
114, 346, 281, 724
114, 346, 281, 724
114, 347, 281, 724
114, 347, 281, 724
113, 347, 281, 724
113, 347, 281, 724
113, 347, 281, 724
113, 347, 281, 724
112, 348, 281, 724
112, 348, 281, 724
112, 348, 281, 724
111, 349, 281, 724
111, 348, 281, 724
111, 349, 281, 724
111, 349, 281, 724
110, 349, 281, 724
110, 349, 281, 724
110, 349, 281, 724
110, 349, 281, 724
109, 350, 281, 724
109, 350, 281, 724
109, 350, 281, 724
109, 350, 281, 724
109, 350, 281, 724
109, 350, 281, 724
109, 350, 281, 724
108, 350, 281, 724
108, 350, 281, 724
108, 350, 281, 724
107, 351, 281, 724
107, 351, 281, 724
107, 351, 281, 724
107, 351, 281, 724
107, 352, 281, 724
107, 351, 281, 724
107, 351, 281, 724
107, 351, 281, 724
106, 352, 281, 724
106, 352, 281, 724
106, 352, 281, 724
106, 352, 281, 724
106, 352, 281, 724
106, 352, 281, 724
105, 352, 281, 724
105, 352, 281, 724
105, 352, 281, 724
104, 353, 281, 724
104, 353, 281, 724
104, 353, 281, 724
104, 353, 281, 724
104, 353, 281, 724
103, 354, 281, 724
103, 354, 281, 724
103, 354, 281, 724
103, 354, 281, 724
103, 354, 281, 724
103, 354, 281, 724
102, 354, 281, 724
102, 354, 281, 724
102, 354, 281, 724
102, 354, 281, 724
101, 355, 281, 724
101, 355, 281, 724
101, 355, 281, 724
101, 355, 281, 724
101, 355, 281, 724
100, 355, 281, 724
100, 355, 281, 724
100, 355, 281, 724
100, 356, 281, 724
100, 356, 281, 724
100, 356, 281, 724
99, 356, 281, 724
99, 356, 281, 724
99, 356, 281, 724
99, 356, 281, 724
99, 356, 281, 724
99, 356, 281, 724
99, 357, 281, 724
98, 357, 281, 724
98, 357, 281, 724
98, 357, 281, 724
98, 357, 281, 724
98, 357, 281, 724
98, 357, 281, 724
97, 358, 281, 724
97, 358, 281, 724
97, 358, 281, 724
97, 358, 281, 724
97, 358, 281, 724
96, 358, 281, 724
96, 358, 281, 724
96, 358, 281, 724
96, 359, 281, 724
96, 359, 281, 724
96, 359, 281, 724
96, 359, 281, 724
95, 359, 281, 724
95, 359, 281, 724
95, 359, 281, 724
95, 359, 281, 724
95, 359, 281, 724
94, 360, 281, 724
94, 360, 281, 724
94, 360, 281, 724
94, 360, 281, 724
94, 360, 281, 724
94, 360, 281, 724
93, 360, 281, 724
93, 360, 281, 724
93, 361, 281, 724
93, 361, 281, 724
93, 361, 281, 724
93, 361, 281, 724
93, 361, 281, 724
93, 361, 281, 724
92, 361, 281, 724
92, 361, 281, 724
92, 362, 281, 724
91, 362, 281, 724
91, 362, 281, 724
91, 362, 281, 724
91, 362, 281, 724
91, 362, 281, 724
91, 363, 281, 724
90, 363, 281, 724
90, 363, 281, 724
90, 363, 281, 724
90, 363, 281, 724
90, 363, 281, 724
89, 363, 281, 724
89, 363, 281, 724
89, 363, 281, 724
89, 364, 281, 724
89, 364, 281, 724
88, 364, 281, 724
88, 364, 281, 724
88, 364, 281, 724
88, 365, 281, 724
88, 365, 281, 724
87, 365, 281, 724
87, 365, 281, 724
87, 365, 281, 724
87, 365, 281, 724
86, 366, 281, 724
86, 366, 281, 724
86, 366, 281, 724
86, 366, 281, 724
86, 366, 281, 724
86, 366, 281, 724
86, 366, 281, 724
85, 366, 281, 724
85, 366, 281, 724
85, 366, 281, 724
85, 367, 281, 724
85, 367, 281, 724
85, 367, 281, 724
85, 367, 281, 724
85, 367, 281, 724
84, 367, 281, 724
84, 367, 281, 724
84, 367, 281, 724
84, 367, 281, 724
84, 367, 281, 724
83, 368, 281, 724
83, 368, 281, 724
83, 368, 281, 724
83, 368, 281, 724
83, 368, 281, 724
83, 368, 281, 724
83, 368, 281, 724
82, 368, 281, 724
82, 369, 281, 724
82, 369, 281, 724
82, 369, 281, 724
82, 369, 281, 724
81, 369, 281, 724
81, 370, 281, 724
81, 370, 281, 724
81, 370, 281, 724
80, 370, 281, 724
80, 370, 281, 724
80, 370, 281, 724
80, 370, 281, 724
80, 370, 281, 724
80, 371, 281, 724
80, 371, 281, 724
79, 371, 281, 724
79, 371, 281, 724
79, 371, 281, 724
79, 371, 281, 724
79, 371, 281, 724
79, 371, 281, 724
78, 372, 281, 724
78, 372, 281, 724
78, 372, 281, 724
78, 372, 281, 724
78, 372, 281, 724
78, 372, 281, 724
78, 372, 281, 724
78, 372, 281, 724
77, 372, 281, 724
77, 372, 281, 724
77, 372, 281, 724
77, 373, 281, 724
77, 373, 281, 724
77, 373, 281, 724
77, 373, 281, 724
77, 373, 281, 724
76, 373, 281, 724
76, 373, 281, 724
76, 374, 281, 724
76, 374, 281, 724
76, 374, 281, 724
75, 374, 280, 724
75, 375, 281, 724
74, 375, 281, 724
74, 375, 281, 724
74, 375, 281, 724
74, 375, 281, 724
74, 375, 281, 724
74, 375, 281, 724
74, 375, 281, 724
73, 376, 281, 724
73, 376, 281, 724
73, 376, 281, 724
73, 376, 281, 724
72, 377, 281, 724
72, 377, 281, 724
72, 377, 281, 724
72, 377, 281, 724
72, 377, 281, 724
72, 377, 281, 724
72, 377, 281, 724
72, 377, 281, 724
72, 377, 280, 724
72, 377, 281, 724
71, 378, 281, 724
71, 378, 281, 724
71, 378, 281, 724
71, 378, 281, 724
71, 378, 281, 724
70, 379, 281, 724
70, 379, 281, 724
70, 379, 281, 724
70, 379, 280, 724
70, 379, 280, 724
69, 379, 280, 724
69, 380, 280, 724
69, 380, 280, 724
69, 380, 280, 724
69, 380, 280, 724
68, 380, 280, 724
68, 381, 280, 724
68, 381, 280, 724
68, 381, 280, 724
68, 381, 280, 724
68, 381, 280, 724
68, 381, 280, 724
68, 382, 280, 724
68, 381, 280, 724
67, 382, 280, 724
67, 382, 280, 724
67, 382, 280, 724
67, 382, 280, 724
67, 382, 280, 724
67, 382, 280, 724
66, 382, 280, 724
66, 383, 280, 724
66, 383, 280, 724
66, 383, 280, 724
65, 383, 280, 724
65, 383, 280, 724
65, 384, 280, 724
65, 383, 280, 724
65, 384, 280, 724
64, 384, 280, 724
64, 384, 280, 724
63, 385, 280, 724
63, 385, 280, 724
63, 385, 280, 724
63, 385, 280, 724
63, 385, 280, 724
63, 385, 280, 724
62, 386, 280, 724
63, 386, 280, 724
63, 386, 280, 724
62, 386, 280, 724
62, 386, 280, 724
62, 386, 280, 724
62, 386, 280, 724
62, 386, 280, 724
62, 386, 280, 724
61, 387, 280, 724
61, 387, 280, 724
61, 387, 280, 724
61, 387, 280, 724
61, 387, 280, 724
60, 388, 280, 724
60, 388, 280, 724
60, 388, 280, 724
60, 388, 280, 724
60, 388, 280, 724
59, 388, 280, 724
59, 388, 280, 724
59, 389, 280, 724
59, 389, 280, 724
59, 389, 280, 724
58, 389, 280, 724
58, 389, 280, 724
58, 389, 280, 724
58, 390, 280, 724
58, 390, 280, 724
58, 390, 280, 724
57, 390, 280, 724
57, 390, 280, 724
57, 390, 280, 724
57, 390, 280, 724
57, 390, 280, 724
57, 391, 280, 724
57, 391, 280, 724
57, 391, 280, 724
57, 391, 280, 724
56, 391, 280, 724
56, 391, 280, 724
56, 391, 280, 724
56, 391, 280, 724
56, 391, 280, 724
56, 391, 280, 724
56, 392, 280, 724
56, 392, 280, 724
55, 392, 280, 724
55, 392, 280, 724
55, 392, 280, 724
55, 392, 280, 724
55, 393, 280, 724
55, 393, 280, 724
55, 393, 280, 724
55, 393, 280, 724
54, 393, 280, 724
54, 393, 280, 724
54, 394, 280, 724
54, 394, 280, 724
54, 394, 280, 724
54, 394, 280, 724
54, 394, 280, 724
54, 394, 280, 724
53, 394, 280, 724
53, 395, 280, 724
53, 395, 280, 724
53, 395, 280, 724
53, 395, 280, 724
53, 395, 280, 724
53, 395, 280, 724
53, 395, 280, 724
53, 396, 280, 724
53, 396, 280, 724
53, 396, 280, 724
53, 396, 280, 724
52, 396, 280, 724
52, 396, 280, 724
52, 397, 280, 724
52, 397, 280, 724
52, 397, 280, 724
52, 397, 280, 724
52, 397, 280, 724
52, 397, 280, 724
52, 397, 280, 724
52, 397, 280, 724
52, 397, 280, 724
52, 398, 280, 724
51, 398, 280, 724
51, 398, 280, 724
51, 398, 280, 724
51, 398, 280, 724
51, 398, 280, 724
51, 398, 280, 724
51, 399, 280, 724
51, 399, 280, 724
51, 399, 280, 724
50, 399, 280, 724
50, 399, 280, 724
50, 399, 280, 724
50, 399, 280, 724
50, 399, 280, 724
50, 400, 280, 724
50, 400, 280, 724
50, 400, 280, 724
50, 400, 280, 724
51, 402, 280, 724
51, 402, 280, 724
51, 403, 280, 724
51, 403, 280, 724
51, 403, 280, 724
51, 403, 280, 724
51, 403, 280, 724
51, 403, 280, 724
51, 403, 280, 724
51, 404, 280, 724
51, 404, 280, 724
51, 404, 280, 724
52, 403, 280, 724
51, 404, 280, 724
51, 404, 280, 724
51, 404, 280, 724
52, 402, 280, 724
51, 404, 280, 724
51, 404, 280, 724
50, 404, 280, 724
51, 404, 280, 724
50, 405, 280, 724
50, 405, 280, 724
50, 405, 280, 724
50, 405, 281, 724
50, 405, 280, 724
50, 405, 280, 724
50, 405, 280, 724
50, 405, 280, 724
50, 406, 280, 724
50, 406, 280, 724
49, 406, 280, 724
49, 406, 280, 724
49, 406, 280, 724
49, 406, 280, 724
49, 406, 280, 724
48, 407, 280, 724
48, 407, 280, 724
48, 407, 280, 724
48, 407, 280, 724
48, 407, 280, 724
47, 408, 280, 724
47, 408, 280, 724
47, 408, 280, 724
47, 408, 280, 724
47, 408, 280, 724
47, 408, 280, 724
46, 409, 280, 724
46, 409, 280, 724
46, 409, 280, 724
46, 409, 280, 724
45, 410, 280, 724
45, 410, 280, 724
45, 410, 280, 724
45, 410, 280, 724
45, 410, 280, 724
45, 410, 280, 724
45, 410, 280, 724
45, 410, 280, 724
45, 410, 280, 724
45, 410, 280, 724
45, 410, 280, 724
45, 410, 280, 724
45, 411, 280, 724
45, 411, 280, 724
45, 411, 280, 724
44, 411, 280, 724
44, 411, 280, 724
44, 411, 280, 724
44, 411, 280, 724
44, 412, 280, 724
43, 412, 280, 724
43, 412, 280, 724
43, 412, 280, 724
43, 412, 280, 724
43, 413, 280, 724
43, 413, 280, 724
42, 413, 280, 724
42, 413, 280, 724
42, 413, 280, 724
42, 414, 280, 724
42, 414, 280, 724
41, 414, 280, 724
41, 414, 280, 724
41, 414, 280, 724
41, 414, 280, 724
41, 414, 280, 724
41, 415, 280, 724
41, 415, 280, 724
41, 415, 280, 724
40, 415, 280, 724
40, 415, 280, 724
40, 415, 280, 724
40, 415, 280, 724
40, 415, 280, 724
40, 415, 280, 724
40, 415, 280, 724
40, 415, 280, 724
40, 415, 280, 724
40, 416, 280, 724
40, 416, 280, 724
39, 416, 280, 724
39, 416, 280, 724
39, 416, 280, 724
39, 416, 280, 724
39, 417, 280, 724
39, 417, 280, 724
38, 417, 280, 724
38, 417, 280, 724
38, 417, 280, 724
38, 417, 280, 724
38, 418, 280, 724
38, 418, 280, 724
38, 418, 280, 724
38, 418, 280, 724
38, 418, 280, 724
37, 418, 280, 724
37, 418, 280, 724
37, 419, 280, 724
37, 419, 280, 724
37, 419, 280, 724
37, 419, 280, 724
36, 419, 280, 724
36, 419, 280, 724
36, 419, 280, 724
36, 420, 280, 724
36, 420, 280, 724
36, 420, 280, 724
36, 420, 280, 724
36, 420, 280, 724
36, 420, 280, 724
36, 420, 280, 724
35, 420, 280, 724
35, 421, 280, 724
35, 421, 280, 724
35, 421, 280, 724
35, 421, 280, 724
35, 421, 280, 724
35, 422, 280, 724
34, 422, 280, 724
34, 422, 280, 724
35, 422, 280, 724
34, 422, 280, 724
34, 422, 280, 724
34, 423, 280, 724
33, 423, 280, 724
33, 423, 280, 724
34, 423, 280, 724
33, 423, 280, 724
34, 423, 280, 724
34, 423, 280, 724
33, 423, 280, 724
33, 424, 280, 724
33, 424, 280, 724
33, 423, 280, 724
32, 424, 280, 724
33, 424, 280, 724
33, 424, 280, 724
32, 424, 280, 724
32, 425, 280, 724
32, 425, 280, 724
31, 425, 280, 724
31, 425, 280, 724
31, 425, 280, 724
31, 426, 280, 724
31, 426, 280, 724
31, 426, 280, 724
30, 426, 280, 724
30, 426, 280, 724
30, 427, 280, 724
31, 427, 280, 724
31, 427, 280, 724
30, 427, 280, 724
30, 427, 280, 724
31, 427, 280, 724
29, 428, 280, 724
29, 429, 280, 724
29, 428, 280, 724
29, 428, 280, 724
29, 428, 280, 724
29, 428, 280, 724
29, 428, 281, 724
29, 428, 281, 724
29, 428, 280, 724
28, 430, 281, 724
28, 430, 281, 724
29, 429, 281, 724
28, 429, 281, 724
28, 429, 281, 724
28, 429, 281, 724
29, 429, 281, 724
29, 429, 281, 724
28, 429, 281, 724
28, 429, 281, 724
27, 430, 281, 724
28, 430, 281, 724
27, 430, 281, 724
27, 430, 281, 724
27, 430, 281, 724
27, 430, 281, 724
27, 430, 281, 724
27, 431, 281, 724
26, 431, 281, 724
26, 431, 281, 724
26, 431, 281, 724
26, 431, 281, 724
26, 431, 281, 724
26, 431, 281, 724
26, 431, 281, 724
26, 431, 281, 724
26, 431, 281, 724
26, 431, 281, 724
26, 431, 281, 724
26, 431, 281, 724
26, 431, 281, 724
26, 431, 281, 724
26, 431, 281, 724
26, 431, 281, 724
26, 431, 281, 724
26, 431, 281, 724
27, 431, 281, 724
27, 431, 281, 724
27, 431, 281, 724
27, 431, 281, 724
26, 432, 281, 724
26, 432, 281, 724
26, 432, 281, 724
26, 432, 281, 724
26, 432, 281, 724
26, 432, 281, 724
26, 432, 281, 724
26, 432, 281, 724
26, 432, 281, 724
26, 432, 281, 724
26, 432, 281, 724
26, 432, 281, 724
26, 432, 281, 724
26, 432, 281, 724
26, 432, 281, 724
26, 432, 281, 724
26, 432, 281, 724
26, 432, 281, 724
26, 432, 281, 724
26, 432, 281, 724
26, 432, 281, 724
26, 432, 281, 724
26, 432, 281, 724
27, 431, 281, 724
26, 432, 281, 724
26, 432, 281, 724
26, 432, 281, 724
26, 432, 281, 724
26, 432, 281, 724
26, 432, 281, 724
26, 432, 281, 724
26, 432, 281, 724
26, 432, 281, 724
26, 432, 281, 724
26, 432, 281, 724
26, 432, 281, 724
26, 432, 281, 724
26, 432, 281, 724
26, 432, 281, 724
26, 432, 281, 724
26, 432, 281, 724
26, 432, 281, 724
26, 432, 281, 724
26, 432, 281, 724
27, 431, 281, 724
26, 432, 281, 724
26, 432, 281, 724
26, 432, 281, 724
26, 432, 280, 724
26, 432, 281, 724
26, 432, 281, 724
26, 432, 281, 724
26, 432, 281, 724
26, 432, 281, 724
26, 432, 281, 724
26, 432, 281, 724
26, 432, 281, 724
26, 432, 281, 724
26, 432, 281, 724
26, 432, 281, 724
26, 432, 281, 724
26, 432, 281, 724
26, 432, 281, 724
26, 432, 281, 724
26, 432, 281, 724
26, 432, 281, 724
26, 432, 280, 724
26, 432, 281, 724
26, 432, 281, 724
26, 432, 281, 724
27, 431, 281, 724
27, 431, 281, 724
26, 432, 281, 724
26, 432, 281, 724
26, 431, 281, 724
26, 432, 281, 724
26, 432, 281, 724
27, 431, 281, 724
27, 431, 281, 724
27, 431, 281, 724
27, 431, 281, 724
27, 431, 281, 724
27, 431, 281, 724
27, 431, 281, 724
27, 431, 281, 724
27, 431, 281, 724
26, 431, 281, 724
27, 431, 281, 724
26, 431, 281, 724
26, 431, 281, 724
26, 432, 281, 724
26, 432, 281, 724
26, 432, 281, 724
26, 432, 281, 724
26, 432, 281, 724
27, 431, 281, 724
27, 431, 281, 724
26, 432, 281, 724
27, 431, 281, 724
27, 431, 281, 724
27, 431, 281, 724
27, 431, 281, 724
27, 431, 281, 724
27, 431, 281, 724
27, 431, 281, 724
27, 431, 281, 724
27, 431, 281, 724
27, 431, 281, 724
27, 431, 281, 724
27, 431, 281, 724
26, 431, 281, 724
27, 431, 281, 724
27, 431, 281, 724
27, 431, 281, 724
27, 431, 281, 724
27, 431, 281, 724
27, 431, 281, 724
27, 431, 281, 724
27, 431, 281, 724
27, 431, 281, 724
27, 431, 281, 724
27, 431, 281, 724
27, 431, 281, 724
27, 431, 281, 724
27, 431, 281, 724
27, 431, 281, 724
27, 431, 281, 724
27, 431, 281, 724
27, 431, 281, 724
27, 431, 281, 724
27, 431, 281, 724
27, 431, 281, 724
27, 431, 281, 724
27, 431, 281, 724
27, 431, 281, 724
27, 431, 281, 724
27, 431, 281, 724
27, 431, 281, 724
27, 431, 281, 724
27, 431, 281, 724
27, 431, 281, 724
27, 431, 281, 724
27, 431, 281, 724
27, 431, 281, 724
27, 431, 281, 724
27, 430, 281, 724
27, 430, 281, 724
27, 430, 281, 724
27, 430, 281, 724
